{
  "kind": "collectionType",
  "collectionName": "personal_trainer_clientes",
  "info": {
    "singularName": "personal-trainer-cliente",
    "pluralName": "personal-trainer-clientes",
    "displayName": "Personal trainer / Cliente",
    "description": ""
  },
  "options": {
    "draftAndPublish": true
  },
  "pluginOptions": {},
  "attributes": {
    "Giorno": {
      "type": "date"
    },
    "cliente": {
      "type": "relation",
      "relation": "oneToOne",
      "target": "api::cliente.cliente"
    },
    "personal_trainer": {
      "type": "relation",
      "relation": "oneToOne",
      "target": "api::personal-trainer.personal-trainer"
    },
    "Orario_inizio": {
      "type": "time"
    },
    "Orario_fine": {
      "type": "time"
    }
  }
}
