{
  "kind": "collectionType",
  "collectionName": "palestras",
  "info": {
    "singularName": "palestra",
    "pluralName": "palestras",
    "displayName": "Palestra",
    "description": ""
  },
  "options": {
    "draftAndPublish": true
  },
  "pluginOptions": {},
  "attributes": {
    "Citta": {
      "type": "string"
    },
    "Via": {
      "type": "string"
    },
    "Email": {
      "type": "email"
    },
    "Password": {
      "type": "password"
    },
    "Nome": {
      "type": "string"
    },
    "users_permissions_user": {
      "type": "relation",
      "relation": "oneToOne",
      "target": "plugin::users-permissions.user"
    },
    "Limite_persone": {
      "type": "integer"
    }
  }
}
