{
  "kind": "collectionType",
  "collectionName": "personal_trainers",
  "info": {
    "singularName": "personal-trainer",
    "pluralName": "personal-trainers",
    "displayName": "Personal trainer",
    "description": ""
  },
  "options": {
    "draftAndPublish": true
  },
  "pluginOptions": {},
  "attributes": {
    "Nome": {
      "type": "string"
    },
    "Cognome": {
      "type": "string"
    },
    "Luogo_di_nascita": {
      "type": "string"
    },
    "Data_di_nascita": {
      "type": "date"
    },
    "Link_whatsapp": {
      "type": "string"
    },
    "palestra": {
      "type": "relation",
      "relation": "oneToOne",
      "target": "api::palestra.palestra"
    },
    "Email": {
      "type": "email"
    },
    "Password": {
      "type": "password"
    },
    "users_permissions_user": {
      "type": "relation",
      "relation": "oneToOne",
      "target": "plugin::users-permissions.user"
    },
    "palestra_rimozione": {
      "type": "relation",
      "relation": "oneToOne",
      "target": "api::palestra.palestra"
    }
  }
}
