{
  "kind": "collectionType",
  "collectionName": "prenotaziones",
  "info": {
    "singularName": "prenotazione",
    "pluralName": "prenotaziones",
    "displayName": "Prenotazione",
    "description": ""
  },
  "options": {
    "draftAndPublish": true
  },
  "pluginOptions": {},
  "attributes": {
    "cliente_aggiunta": {
      "type": "relation",
      "relation": "oneToOne",
      "target": "api::cliente.cliente"
    },
    "cliente_rimozione": {
      "type": "relation",
      "relation": "oneToOne",
      "target": "api::cliente.cliente"
    },
    "orario": {
      "type": "relation",
      "relation": "oneToOne",
      "target": "api::orario.orario"
    },
    "palestra_rimozione": {
      "type": "relation",
      "relation": "oneToOne",
      "target": "api::palestra.palestra"
    },
    "Data": {
      "type": "date"
    }
  }
}
