{
  "kind": "collectionType",
  "collectionName": "clientes",
  "info": {
    "singularName": "cliente",
    "pluralName": "clientes",
    "displayName": "Cliente",
    "description": ""
  },
  "options": {
    "draftAndPublish": true
  },
  "pluginOptions": {},
  "attributes": {
    "Nome": {
      "type": "string"
    },
    "Cognome": {
      "type": "string"
    },
    "Personal_trainer": {
      "type": "boolean"
    },
    "Data_di_nascita": {
      "type": "date"
    },
    "Luogo_di_nascita": {
      "type": "string"
    },
    "Peso": {
      "type": "float"
    },
    "Altezza": {
      "type": "float"
    },
    "Email": {
      "type": "email"
    },
    "password_abbonamento": {
      "type": "password"
    },
    "users_permissions_user": {
      "type": "relation",
      "relation": "oneToOne",
      "target": "plugin::users-permissions.user"
    },
    "palestra": {
      "type": "relation",
      "relation": "oneToOne",
      "target": "api::palestra.palestra"
    },
    "palestra_rimozione": {
      "type": "relation",
      "relation": "oneToOne",
      "target": "api::palestra.palestra"
    }
  }
}
