{
  "kind": "collectionType",
  "collectionName": "orarios",
  "info": {
    "singularName": "orario",
    "pluralName": "orarios",
    "displayName": "Orario",
    "description": ""
  },
  "options": {
    "draftAndPublish": true
  },
  "pluginOptions": {},
  "attributes": {
    "palestra_aggiunta": {
      "type": "relation",
      "relation": "oneToOne",
      "target": "api::palestra.palestra"
    },
    "palestra_rimozione": {
      "type": "relation",
      "relation": "oneToOne",
      "target": "api::palestra.palestra"
    },
    "Giorno": {
      "type": "enumeration",
      "enum": [
        "Lunedì",
        "Martedì",
        "Mercoledì",
        "Giovedì",
        "Venerdì",
        "Sabato",
        "Domenica"
      ]
    },
    "Orario_inizio": {
      "type": "time"
    },
    "Orario_fine": {
      "type": "time"
    }
  }
}
